{
    "lang": {
        "version": "1.2.6",
        "language": "Russian"
    },
    "1": {
        "match": "\"To Enhance this playlist, you.ll need to go online.\"",
        "replace": "\"Чтобы улучшить этот плейлист, вам нужно подключиться к интернету.\""
    },
    "2": {
        "match": "\"Confirm your age\"",
        "replace": "\"Подтвердите свой возраст\""
    },
    "3": {
        "match": "\"%price%/month after. Terms and conditions apply. One month free not available for users who have already tried Premium.\"",
        "replace": "\"%price%/месяц спустя. Принять условия. Один месяц бесплатно, недоступно для пользователей, которые уже попробовали Premium.\""
    },
    "4": {
        "match": "\"Enjoy ad-free music listening, offline listening, and more. Cancel anytime.\"",
        "replace": "\"Наслаждайтесь прослушиванием музыки без рекламы, прослушиванием в офлайн режиме и многим другим. Отменить можно в любое время.\""
    },
    "5": {
        "match": "\"Offline storage location\"",
        "replace": "\"Хранилище скачанных треков\""
    },
    "6": {
        "match": "\"Change location\"",
        "replace": "\"Изменить место\""
    },
    "7": {
        "match": "\"Reduce Your Library\"",
        "replace": "\"Уменьшить медиатеку\""
    },
    "8": {
        "match": "\"Enlarge Your Library\"",
        "replace": "\"Увеличить медиатеку\""
    },
    "9": {
        "match": "\"Clear filters\"",
        "replace": "\"Очистить фильтры\""
    },
    "10": {
        "match": "\"Show all\"",
        "replace": "\"Показать все\""
    },
    "11": {
        "match": "\"On Tour\"",
        "replace": "\"В туре\""
    },
    "12": {
        "match": "\"Credits\"",
        "replace": "\"Сведения о треке\""
    },
    "13": {
        "match": "\"Based on your listening\"",
        "replace": "\"На основе вашего прослушивания\""
    },
    "14": {
        "match": "\"Unpin artist\"",
        "replace": "\"Открепить исполнителя\""
    },
    "15": {
        "match": "\"Unpin album\"",
        "replace": "\"Открепить альбом\""
    },
    "16": {
        "match": "\"Change speed\"",
        "replace": "\"Изменение скорости\""
    },
    "17": {
        "match": "\"You need to be at least 19 years old to listen to explicit content marked with\"",
        "replace": "\"Вам должно быть не менее 19 лет, чтобы слушать непристойный контент, помеченный значком\""
    },
    "18": {
        "match": "\"Add to another playlist\"",
        "replace": "\"Добавить в другой плейлист\""
    },
    "19": {
        "match": "\"Add to this playlist\"",
        "replace": "\"Добавить в этот плейлист\""
    },
    "20": {
        "match": "\"Couldn.t connect to Spotify.\"",
        "replace": "\"Не удалось подключиться к Spotify.\""
    },
    "21": {
        "match": "\"No connection\"",
        "replace": "\"Нет соединения\""
    },
    "22": {
        "match": "\"Reconnecting...\"",
        "replace": "\"Повторное подключение...\""
    },
    "23": {
        "match": "\"Character counter\"",
        "replace": "\"Счетчик символов\""
    },
    "24": {
        "match": "\"Toggle lightsaber hilt. Current is [{]0[}].\"",
        "replace": "\"Переключить рукоять светового меча. Текущий {0}.\""
    },
    "25": {
        "match": "\"Song not available\"",
        "replace": "\"Песня недоступна\""
    },
    "26": {
        "match": "\"The song you.re trying to listen to is not available in HiFi at this time.\"",
        "replace": "\"Песня, которую вы пытаетесь прослушать, в настоящее время недоступна в HiFi.\""
    },
    "27": {
        "match": "\"Current audio quality:\"",
        "replace": "\"Текущее качество звука:\""
    },
    "28": {
        "match": "\"Network connection\"",
        "replace": "\"Подключение к сети\""
    },
    "29": {
        "match": "\"Good\"",
        "replace": "\"Хорошее\""
    },
    "30": {
        "match": "\"Poor\"",
        "replace": "\"Плохое\""
    },
    "31": {
        "match": "\"Yes\"",
        "replace": "\"Да\""
    },
    "32": {
        "match": "\"No\"",
        "replace": "\"Нет\""
    },
    "33": {
        "match": "\"Unpin podcast\"",
        "replace": "\"Открепить подкаст\""
    },
    "34": {
        "match": "\"Unpin audiobook\"",
        "replace": "\"Открепить аудиокнигу\""
    },
    "35": {
        "match": "\"Unpin playlist\"",
        "replace": "\"Открепить плейлист\""
    },
    "36": {
        "match": "\"Unpin folder\"",
        "replace": "\"Открепить папку\""
    },
    "37": {
        "match": "\"Your Location\"",
        "replace": "\"Ваше местоположение\""
    },
    "38": {
        "match": "\"Network connection failed while playing this content.\"",
        "replace": "\"Сбой сетевого подключения при воспроизведении этого контента.\""
    },
    "39": {
        "match": "\"We.re not able to play this content in your current location.\"",
        "replace": "\"Мы не можем воспроизвести этот контент в вашем текущем местоположении.\""
    },
    "40": {
        "match": "\"This content is unavailable. Try another\\?\"",
        "replace": "\"Этот контент недоступен. Попробуете другой?\""
    },
    "41": {
        "match": "\"Sorry, we.re not able to play this content.\"",
        "replace": "\"К сожалению, мы не можем воспроизвести этот контент.\""
    },
    "42": {
        "match": "\"Hmm... we can.t seem to play this content. Try installing the latest version of Spotify.\"",
        "replace": "\"Хм... похоже, мы не можем воспроизвести этот контент. Попробуйте установить последнюю версию Spotify.\""
    },
    "43": {
        "match": "\"Please upgrade Spotify to play this content.\"",
        "replace": "\"Пожалуйста, обновите Spotify, чтобы воспроизвести этот контент.\""
    },
    "44": {
        "match": "\"This content cannot be played on your operating system version.\"",
        "replace": "\"Этот контент нельзя воспроизвести в вашей версии операционной системы.\""
    },
    "45": {
        "match": "\"Override certain user attributes to test regionalized content programming. The overrides are only active in this app.\"",
        "replace": "\"Переопределите определенные атрибуты пользователя, чтобы протестировать региональное программирование контента. Переопределения активны только в этом приложении.\""
    },
    "46": {
        "match": " was released this week!",
        "replace": " был выпущен на этой неделе!"
    },
    "47": {
        "match": "(\"one\": \"...name...) was released %years% year ago this week!\"",
        "replace": "$1 был выпущен %years% год назад на этой неделе!\""
    },
    "48": {
        "match": "(\"few\": \"...name...) was released %years% years ago this week!\"",
        "replace": "$1 был выпущен %years% года назад на этой неделе!\""
    },
    "49": {
        "match": "(\"many\": \"...name...) was released %years% years ago this week!\"",
        "replace": "$1 был выпущен %years% лет назад на этой неделе!\""
    },
    "50": {
        "match": "(\"other\": \"...name...) was released %years% years ago this week!\"",
        "replace": "$1 был выпущен %years% года назад на этой неделе!\""
    },
    "51": {
        "match": "\"Speed [{]0[}]×\"",
        "replace": "\"Скорость {0}×\""
    },
    "52": {
        "match": "\"This is a highly confidential test. Do not share details of this test or any song you create outside of Spotify.\"",
        "replace": "\"Это очень конфиденциальный тест. Не делитесь подробностями этого теста или какой-либо песни, которую вы создаете, за пределами Spotify.\""
    },
    "53": {
        "match": "\"Pin folder\"",
        "replace": "\"Закрепить папку\""
    },
    "54": {
        "match": "\"Pin playlist\"",
        "replace": "\"Закрепить плейлист\""
    },
    "55": {
        "match": "\"Pin album\"",
        "replace": "\"Закрепить альбом\""
    },
    "56": {
        "match": "\"Pin artist\"",
        "replace": "\"Закрепить исполнителя\""
    },
    "57": {
        "match": "\"Pin podcast\"",
        "replace": "\"Закрепить подкаст\""
    },
    "58": {
        "match": "\"Pin audiobook\"",
        "replace": "\"Закрепить аудиокнигу\""
    },
    "59": {
        "match": "\"Create and publish songs right on Spotify. Choose a song and genre, record your vocals, then edit the song to make it yours.\"",
        "replace": "\"Создавайте и публикуйте песни прямо на Spotify. Выберите песню и жанр, запишите свой вокал, а затем отредактируйте песню, чтобы сделать ее своей.\""
    },
    "60": {
        "match": "(\"Filter options\"",
        "replace": "\"Параметры фильтрации\""
    },
    "76": {
        "match": "\"Artist\"",
        "replace": "\"Исполнитель\""
    },
    "77": {
        "match": "\"Album\"",
        "replace": "\"Альбом\""
    },
    "78": {
        "match": "\"Open queue\"",
        "replace": "\"Открыть очередь\""
    },
    "79": {
        "match": "\"Search for something new\"",
        "replace": "\"Искать что-то новое\""
    },
    "80": {
        "match": "\"Your queue is empty\"",
        "replace": "\"Ваша очередь пуста\""
    },
    "81": {
        "match": "\"Now Playing View\"",
        "replace": "\"Сейчас играет\""
    },
    "82": {
        "match": "\"Up Next\"",
        "replace": "\"Далее\""
    },
    "83": {
        "match": "\"... of ...\"",
        "replace": "\"{0} из {1}\""
    }
}